name,introduction,business case,name,department,kudos,status
Eco-Friendly Packaging,"Develop biodegradable packaging to reduce environmental impact. Targeting the reduction of plastic waste by using plant-based materials.","Sustainable packaging market is growing; appeals to eco-conscious consumers.",Alice Smith,Product Development,25,active
AI Customer Support,"Implement AI-driven customer support to handle common inquiries and support issues efficiently.","Reduces operational costs and improves response time, enhancing customer satisfaction.",John Doe,Customer Service,20,realized
Remote Collaboration Tools,"Create a suite of remote collaboration tools to enhance productivity for remote teams.","With remote work becoming the norm, there is high demand for efficient collaboration tools.",Mary Johnson,IT,18,active
Energy Efficient Lighting,"Develop energy-efficient LED lighting solutions for commercial buildings.","Lower energy costs for businesses and compliance with green building standards.",Robert Brown,Facilities Management,22,denied
Personalized Marketing,"Utilize big data to create personalized marketing campaigns tailored to individual customer preferences.","Increases conversion rates and customer loyalty through targeted advertising.",Jennifer Davis,Marketing,27,realized
Automated Inventory Management,"Introduce an automated inventory management system using IoT sensors to track stock levels in real-time.","Minimizes stockouts and overstock, optimizing inventory levels and reducing costs.",David Wilson,Logistics,24,pending review
Wellness App,"Develop a wellness app to support employees' mental and physical health with personalized plans and resources.","Promotes employee well-being, potentially reducing healthcare costs and increasing productivity.",Emma Garcia,Human Resources,19,active
3D Printing Prototyping,"Implement 3D printing technology for rapid prototyping in product development.","Speeds up the design process and reduces costs associated with traditional prototyping methods.",Michael Martinez,Engineering,26,realized
Blockchain for Supply Chain,"Integrate blockchain technology to enhance transparency and security in the supply chain.","Improves traceability of products and reduces fraud, ensuring integrity in the supply chain.",Sarah Lee,Procurement,21,active
Smart Office Solutions,"Develop smart office solutions to optimize space utilization and enhance productivity.","Addresses the need for modern, flexible work environments that adapt to changing work styles.",James White,Operations,17,denied
Virtual Reality Training,"Create immersive VR training programs for employee onboarding and skills development.","Enhances learning experiences and reduces training costs by simulating real-world scenarios.",Olivia Taylor,Training,28,realized
Customer Feedback Analytics,"Develop an advanced analytics tool to analyze customer feedback in real-time.","Helps identify customer pain points quickly, improving product and service quality.",William Anderson,Customer Experience,23,active
Wearable Health Monitors,"Design wearable health monitors to track vital signs and activity levels for proactive health management.","Supports preventive healthcare and wellness initiatives, appealing to health-conscious consumers.",Sophia Thomas,R&D,20,pending review
Green Energy Solutions,"Develop solutions for harnessing green energy, such as solar and wind power, for company use.","Reduces carbon footprint and energy costs, aligning with sustainability goals.",Christopher Hernandez,Sustainability,29,realized
Subscription Box Service,"Launch a subscription box service tailored to customer preferences and seasonal trends.","Generates recurring revenue and increases customer engagement through curated experiences.",Isabella Robinson,Sales,16,denied
Robotic Process Automation,"Implement RPA to automate repetitive, mundane tasks, freeing up employees for higher-value work.","Improves efficiency and accuracy while reducing operational costs.",Mason Clark,Finance,18,pending review
E-Learning Platform,"Create a comprehensive e-learning platform for employee development and continuous learning.","Promotes a culture of learning and development, enhancing employee skills and retention.",Ava Rodriguez,Learning & Development,27,realized
Voice-Activated Assistants,"Develop voice-activated assistants to improve accessibility and efficiency in office tasks.","Enhances user experience and productivity with hands-free operation.",Ethan Lewis,IT,30,active
Smart Home Integration,"Create a smart home system that integrates with existing IoT devices for seamless control and automation.","Taps into the growing smart home market, offering convenience and energy savings.",Mia Walker,Product Development,19,pending review
Digital Twin Technology,"Implement digital twin technology to create virtual replicas of physical assets for monitoring and optimization.","Enhances maintenance and operational efficiency, reducing downtime and costs.",Daniel Young,Engineering,24,realized
Augmented Reality Shopping,"Develop an AR app that allows customers to visualize products in their home before purchase.","Enhances the shopping experience and reduces returns by helping customers make informed decisions.",Charlotte King,Marketing,22,active
Mobile Payment Solutions,"Create a mobile payment platform that offers secure, convenient transactions for customers.","Addresses the growing demand for mobile commerce, enhancing customer convenience.",Lucas Wright,Finance,15,denied
Sustainable Sourcing,"Implement sustainable sourcing practices to ensure ethical and environmentally friendly procurement.","Meets consumer demand for ethical products and improves brand reputation.",Lily Scott,Procurement,26,realized
Employee Engagement Platform,"Develop an interactive platform to increase employee engagement and feedback.","Improves workplace satisfaction and productivity by fostering open communication.",Jack Green,Human Resources,21,active
Smart Inventory Tags,"Introduce smart inventory tags using RFID technology for real-time tracking of assets and inventory.","Increases accuracy and efficiency in inventory management, reducing losses and misplacements.",Amelia Adams,Logistics,23,pending review
